ID,first_name,last_name,Age,gender,ip_address
1,Shawnee,Slator,25,Female,158.14.207.161
2,Carline,Gilyatt,77,Female,125.87.64.152
3,Talia,Shakelady,27,Female,236.94.255.127
4,Terry,Menichi,59,Male,111.218.116.225
5,Grete,Galfour,77,Female,34.184.137.101
6,Jefferey,Waterstone,40,Male,212.12.211.167
7,Paulina,Fozard,38,Female,244.95.19.188
8,Humberto,Linggood,44,Male,106.120.206.76
9,Armand,Lugton,59,Male,39.50.25.69
10,Nerita,Stoter,44,Female,228.154.254.81
11,Delora,Lukehurst,38,Female,123.231.82.40
12,Bev,Trevett,20,Male,72.92.84.210
13,Reube,O'Lagene,51,Male,76.240.149.63
14,Marthe,Begbie,55,Female,174.48.207.199
15,Harriette,Proughten,35,Female,225.244.89.209
16,Seka,Solesbury,21,Female,253.227.93.233
17,Janette,Lanfranchi,42,Female,115.246.218.82
18,Katha,Lamar,53,Female,128.213.121.90
19,Simone,Tatam,76,Male,77.110.249.222
20,Hermon,Filipic,80,Male,144.69.37.240
21,Elspeth,Conyard,60,Female,227.211.51.132
22,Adrianne,Adamczewski,18,Female,185.92.194.12
23,Chariot,Bultitude,67,Male,141.188.71.231
24,Fonsie,Bazell,77,Male,144.9.216.240
25,Brina,Roxbrough,46,Female,156.111.228.214
26,Turner,Klimes,45,Male,79.119.71.131
27,Si,Marchington,24,Male,154.61.245.105
28,Harlin,Michell,80,Male,107.92.210.0
29,Coral,Dewey,66,Female,124.105.55.127
30,Kessia,Hebborne,77,Female,189.223.201.193
31,Talbert,Kepling,41,Male,233.89.90.163
32,Arne,Dunbobbin,78,Male,141.5.166.203
33,Elvin,Aingell,18,Male,217.65.79.171
34,Heloise,Statefield,76,Female,180.136.69.140
35,Cynde,Singyard,59,Female,248.187.164.140
36,Martyn,Durrant,61,Male,120.190.117.209
37,Sancho,Abys,25,Male,58.193.73.12
38,Margarete,Winthrop,43,Female,175.197.161.231
39,Myrvyn,Pinchon,47,Male,174.13.12.200
40,Norton,Delatour,74,Male,52.220.68.46
41,Eleanor,Rougier,40,Female,37.10.70.85
42,Sidoney,Klimentov,64,Female,136.57.140.29
43,Will,Noakes,69,Male,147.142.28.111
44,Alexis,Williment,36,Male,24.146.88.147
45,Nomi,Blance,18,Female,185.233.190.220
46,Barron,Thomasen,72,Male,231.15.221.14
47,Anna,Frye,36,Female,118.224.249.165
48,Marlane,Grayer,66,Female,114.170.226.57
49,Vasili,Slaght,18,Male,197.88.0.186
50,Lane,Cauderlie,69,Male,62.168.32.28
51,Arie,Bluschke,36,Male,90.1.124.117
52,Christabel,Giacopazzi,62,Female,24.105.190.137
53,Caleb,Maghull,78,Male,37.20.251.54
54,Cristen,Harvison,19,Female,84.102.190.238
55,Averil,Rowter,78,Female,64.72.164.85
56,Gradeigh,McArley,56,Male,229.231.52.187
57,Xymenes,Grigolashvill,35,Male,91.63.211.49
58,Vick,Tabourier,40,Male,39.100.55.77
59,Rem,Branchflower,37,Male,174.63.136.99
60,Grace,Graffham,73,Male,182.203.57.106
61,Kinna,Portman,49,Female,149.229.39.87
62,Christel,Breinl,67,Female,155.78.88.163
63,Nikola,Loades,38,Male,117.34.22.10
64,Elsworth,Sked,60,Male,197.96.131.67
65,Leo,Rembrandt,45,Male,181.40.199.84
66,Rickard,Hovel,28,Male,232.161.1.104
67,Danila,De Haven,58,Female,245.123.208.222
68,Ailbert,Witcomb,78,Male,0.97.174.214
69,Hazel,Bunclark,71,Male,192.249.3.95
70,Westley,Readett,42,Male,140.59.174.211
71,Murdock,Laurenceau,75,Male,152.198.132.19
72,Willyt,Meckiff,74,Female,133.31.238.199
73,Vanny,Barby,74,Female,103.124.113.199
74,Roselle,Pym,72,Female,84.56.75.35
75,Dallas,Junes,76,Female,70.51.67.90
76,Adolpho,Giraudy,54,Male,177.9.127.230
77,Carry,Joskowitz,23,Female,48.47.114.28
78,Bank,Pendre,53,Male,85.182.32.63
79,Kelli,Tremmil,80,Female,189.199.154.88
80,Abbe,Bowick,32,Female,2.158.190.160
81,Clemens,Pindell,62,Male,237.106.50.15
82,Daffie,Robbins,27,Female,11.88.5.15
83,Evelin,Feldfisher,58,Male,235.126.139.139
84,Karleen,Tuley,57,Female,224.182.80.228
85,Mariya,Fawdrey,67,Female,176.140.36.1
86,Lilia,Saura,54,Female,77.108.210.161
87,Jarrod,Kenen,41,Male,19.125.31.23
88,Martynne,Hargrove,18,Female,127.185.204.100
89,Virginie,Maudlin,62,Female,245.102.151.50
90,Aile,Callister,22,Female,249.89.117.190
91,Judas,Denyukhin,51,Male,116.172.150.99
92,Julie,Wickey,31,Female,240.46.92.125
93,Miles,Battisson,40,Male,212.10.133.107
94,Phillipe,Durek,29,Male,107.239.16.100
95,Verile,Hollyland,25,Female,33.84.184.20
96,Jasen,Prandini,52,Male,86.78.0.97
97,Sophie,Ranyelld,46,Female,79.117.177.62
98,Klemens,Sausman,32,Male,142.87.87.130
99,Innis,Dron,27,Male,244.222.113.1
100,Catarina,Milne,70,Female,11.49.54.8
101,Sterne,Vamplew,74,Male,58.133.102.19
102,Jacqui,Copping,66,Female,136.143.220.128
103,Orlan,Burgher,20,Male,172.124.183.49
104,Billy,Matfield,46,Male,189.126.82.107
105,Vicki,Holtom,33,Female,192.242.245.242
106,Lina,Petrol,78,Female,185.3.129.148
107,Moina,Cust,33,Female,60.197.38.111
108,Celinka,Randles,54,Female,220.237.187.80
109,Sydney,Kerin,75,Male,190.167.59.24
110,Davine,Autie,75,Female,18.38.35.102
111,Babara,Aylott,66,Female,112.48.92.217
112,Enrica,Mitchenson,72,Female,95.40.141.182
113,Lannie,Stouther,37,Male,208.223.251.84
114,Pattie,Gottschalk,26,Male,221.22.96.158
115,Sunny,Spraggon,33,Female,107.207.67.123
116,Gustie,Itzkovitch,39,Female,94.177.32.85
117,Joycelin,Bowcock,34,Female,69.156.177.90
118,Den,Gillum,26,Male,174.27.65.52
119,Darlleen,Petraitis,75,Female,79.56.225.222
120,Astrix,Scardafield,43,Female,128.170.80.28
121,Reena,Phippin,44,Female,21.227.56.253
122,Odo,Renish,52,Male,48.178.77.128
123,Hester,Shropsheir,40,Female,137.192.219.247
124,Edvard,Husby,20,Male,172.92.177.112
125,Bernarr,Bantham,45,Male,39.161.77.115
126,Amelie,Bonehill,72,Female,40.241.169.34
127,Nealy,Parkyns,39,Male,250.37.90.34
128,Lamond,Perfili,27,Male,25.130.238.231
129,Gareth,Pawden,42,Male,183.37.214.253
130,Nissy,Starr,46,Female,33.208.48.41
131,Cloris,Burnell,58,Female,207.25.178.106
132,Kessia,Chrichton,77,Female,84.79.21.145
133,Sigvard,Wellbank,46,Male,22.41.187.247
134,Nappy,McTaggart,66,Male,134.128.124.13
135,Audi,Kegley,76,Female,236.196.55.133
136,Tera,Isacq,33,Female,142.196.80.235
137,Michaela,Lidgerton,21,Female,251.172.199.213
138,Lizzie,Licence,43,Female,193.228.198.118
139,Jen,Rumens,59,Female,98.228.132.213
140,Nikolia,Algie,78,Female,102.206.253.168
141,Neall,Roberds,25,Male,174.108.20.67
142,Pavia,Ysson,80,Female,72.136.254.107
143,Halie,Bisley,64,Female,201.215.5.103
144,Anatole,Timson,67,Male,209.211.54.234
145,Kaitlynn,Balogun,53,Female,26.67.92.114
146,Isaac,Brewse,51,Male,133.160.93.74
147,Billye,Lutas,50,Female,179.176.79.1
148,Kristoforo,Doohan,36,Male,151.17.211.189
149,Rodrique,Phettiplace,36,Male,162.87.15.104
150,Cindi,Clover,80,Female,76.2.65.160
151,Borg,Kitcat,73,Male,187.110.187.126
152,Linette,Szreter,41,Female,59.246.105.57
153,Keith,Pringley,38,Male,99.244.205.142
154,Rosalinda,Pendlebery,18,Female,113.35.236.48
155,Heindrick,Fleckney,40,Male,214.236.140.65
156,Teddie,Swansborough,19,Female,254.168.121.114
157,Benedetto,Aneley,71,Male,95.70.61.235
158,Warde,Cunniff,77,Male,245.119.164.125
159,Vincenz,De Cleen,28,Male,24.16.201.87
160,Zoe,Abeles,54,Female,247.220.169.170
161,Kassi,Bourgaize,25,Female,33.142.90.173
162,Gregor,de Banke,57,Male,149.80.178.10
163,Dodi,Hirschmann,47,Female,95.184.112.166
164,Daniel,Dyment,79,Male,102.148.146.120
165,Simone,Gooding,72,Female,186.213.94.37
166,Derron,Bartram,36,Male,229.53.94.54
167,Em,Mercy,35,Female,148.255.175.149
168,Norton,Matley,37,Male,82.92.210.158
169,Haydon,Stammler,68,Male,221.30.114.248
170,Linn,Longshaw,21,Female,140.226.195.172
171,Gilles,Cuvley,64,Male,69.118.90.21
172,Louisa,Von Gladbach,26,Female,116.250.184.176
173,Dennie,Canet,56,Female,134.241.163.253
174,Joachim,Gosselin,58,Male,216.162.40.253
175,Quillan,Chadbourne,64,Male,131.86.248.78
176,Anetta,Furlong,33,Female,71.170.176.53
177,Owen,Bill,55,Male,65.112.4.210
178,Harris,Lode,80,Male,58.246.185.232
179,Sascha,McBrier,75,Female,31.166.195.11
180,Joelynn,Scowcroft,66,Female,39.72.90.141
181,Zacherie,Kybert,31,Male,90.227.27.114
182,Lian,Spadollini,29,Female,3.157.47.62
183,Charmian,Cuncliffe,27,Female,207.172.120.153
184,Amos,Limbourne,39,Male,127.87.162.149
185,Carrissa,Sadlier,23,Female,244.228.99.165
186,Duff,Phillcock,60,Male,188.45.7.239
187,Kort,Jeandin,77,Male,5.17.88.173
188,Drew,Ochterlony,46,Male,40.14.44.73
189,Randell,Petyakov,48,Male,22.202.228.159
190,Abdel,Bownas,72,Male,102.72.15.145
191,Merle,Sloper,63,Male,125.111.83.134
192,Hortense,Abthorpe,55,Female,154.108.188.169
193,Rickie,Kenna,54,Female,129.16.228.73
194,Desi,Fewings,74,Male,210.115.249.27
195,Laina,Bogart,45,Female,95.15.181.228
196,Anderson,Wilmot,61,Male,182.35.186.248
197,Christopher,Leng,39,Male,185.145.8.222
198,Kevina,Pol,56,Female,82.180.102.111
199,Karlens,Botterman,49,Male,154.206.59.159
200,Larry,Heugel,22,Male,34.119.175.198
201,Leticia,Philipot,78,Female,65.7.23.137
202,Waylan,Prowse,56,Male,230.126.115.205
203,Antonino,Shreeve,34,Male,125.42.8.151
204,Justin,Vidgen,53,Male,43.95.250.172
205,Casper,Skeffington,62,Male,143.201.61.219
206,Hilliary,Leonida,19,Female,153.18.55.88
207,Cass,Jacquet,37,Male,31.144.244.14
208,Xenos,Deery,20,Male,65.26.142.54
209,Solly,Ferrar,69,Male,102.234.159.165
210,Godwin,Glasbey,71,Male,199.174.141.101
211,Pris,Quilliam,23,Female,10.67.127.127
212,Rochell,Lendrem,75,Female,70.225.126.171
213,Flossy,Spanton,35,Female,210.12.6.161
214,Lorrin,Targe,26,Female,40.179.224.192
215,Janessa,O'Grogane,54,Female,196.253.182.239
216,Stepha,Ilyas,18,Female,25.169.33.137
217,Wilhelm,Seden,58,Male,142.63.17.208
218,Haydon,Lomath,73,Male,210.250.212.176
219,Allx,Gyrgorwicx,72,Female,59.13.215.166
220,Gerrilee,Sigert,26,Female,170.71.167.184
221,Magnum,Lindmark,43,Male,227.222.191.58
222,Chip,Rendall,20,Male,64.183.166.116
223,Adham,Connar,37,Male,21.77.246.169
224,Kai,Millar,76,Female,49.136.133.179
225,Bronson,Cavaney,62,Male,10.212.45.9
226,Kristofor,Smeed,60,Male,208.154.212.115
227,Jourdain,Portam,66,Male,158.208.101.132
228,Devland,Pillman,75,Male,166.26.80.39
229,Star,Haitlie,26,Female,51.20.163.17
230,Marysa,Latan,66,Female,84.67.68.44
231,Kym,Tribble,77,Female,43.71.61.165
232,Luis,Yakovl,68,Male,138.58.143.207
233,Darda,Glackin,22,Female,54.27.252.105
234,Phaidra,Yepiskopov,51,Female,175.10.249.28
235,Melva,Ferrario,65,Female,26.141.166.164
236,Leilah,Thorington,55,Female,0.163.53.193
237,Ethelred,Grinley,20,Male,214.77.20.82
238,Thornie,Sheards,37,Male,1.241.57.230
239,Judi,Linturn,65,Female,83.252.253.6
240,Bartel,Critchard,51,Male,241.136.175.5
241,Friedrick,Bromehead,24,Male,185.57.79.1
242,Merridie,Allridge,32,Female,216.9.148.166
243,Porty,O'Hagirtie,52,Male,156.92.60.228
244,Everett,Rosendale,25,Male,75.208.95.226
245,Michael,Gethen,39,Male,16.2.159.0
246,Patrice,Antrobus,69,Female,145.111.80.248
247,Alon,Cariss,78,Male,0.20.147.211
248,Rice,Aisbett,59,Male,194.81.48.157
249,Linea,Birk,57,Female,180.93.85.211
250,Jim,Lorman,39,Male,3.198.197.167
251,Vyky,Goady,65,Female,65.100.34.134
252,Becca,Ullett,25,Female,135.145.68.183
253,Sofie,Dunhill,24,Female,160.216.126.70
254,Wilburt,Mohan,30,Male,222.191.103.248
255,Birgitta,Mannie,67,Female,141.223.107.146
256,Rubi,Lear,48,Female,113.81.97.85
257,Roanne,Gregoli,38,Female,93.237.176.161
258,Roscoe,Flippini,61,Male,149.247.239.57
259,Rozalin,Sitlinton,46,Female,39.116.47.159
260,Sanford,Mordue,43,Male,103.59.20.178
261,Cirstoforo,Koomar,22,Male,217.120.180.187
262,Amelita,Pock,40,Female,221.156.10.90
263,Natale,Hemphill,53,Male,228.238.72.151
264,Tawnya,Gerritsma,74,Female,151.232.0.215
265,Eyde,Millward,36,Female,29.168.27.182
266,Wanids,Lionel,65,Female,254.77.66.242
267,Leon,Madgett,22,Male,176.38.40.78
268,Malorie,Dainty,74,Female,37.45.96.100
269,Felisha,Gomme,55,Female,67.80.159.178
270,Nolana,Smeeth,59,Female,3.111.148.199
271,Desmund,Chettoe,45,Male,162.53.213.200
272,Winslow,Ghost,59,Male,240.132.239.221
273,Westleigh,O'Loughane,18,Male,220.43.82.119
274,Paulo,Corps,40,Male,45.21.172.4
275,Waiter,Carlson,31,Male,104.248.3.198
276,Giffer,Jantel,53,Male,9.25.114.177
277,Micah,Ortzen,55,Male,155.149.173.217
278,Brade,Offner,66,Male,120.208.216.187
279,Adrea,Tithacott,42,Female,131.66.95.243
280,Roxanna,Vogeller,25,Female,107.171.83.241
281,Danika,Greenhough,28,Female,53.147.167.240
282,Marlow,Borborough,59,Male,210.0.0.251
283,Arch,Palfery,48,Male,16.221.209.237
284,Emilee,Eager,30,Female,197.91.204.190
285,Arnoldo,Getcliff,73,Male,216.219.247.184
286,Lorne,Carus,19,Male,140.132.194.169
287,Lion,Rotherforth,25,Male,192.209.190.103
288,Alexei,Norkutt,43,Male,225.14.43.75
289,Flem,Hurn,47,Male,255.228.84.206
290,Hercules,Dyte,80,Male,84.26.89.61
291,Aubree,Okroy,49,Female,44.213.58.201
292,Murdock,Mulvihill,52,Male,243.90.68.99
293,Dominic,Horsewood,65,Male,189.28.149.156
294,Esta,Castangia,28,Female,0.101.6.174
295,Tonye,Brodbin,43,Female,77.36.30.212
296,Wakefield,Watt,80,Male,178.133.250.204
297,Meg,Skeldinge,39,Female,176.148.49.28
298,Nichole,Lyfield,76,Male,249.55.221.171
299,Izabel,Brewerton,18,Female,1.1.122.88
300,Lisette,Haburne,55,Female,206.24.201.231
301,Marsiella,Curragh,27,Female,41.55.91.24
302,Tull,Taylour,41,Male,96.115.168.184
303,Sadella,Compton,41,Female,205.196.129.72
304,Lammond,Matthai,24,Male,187.139.37.114
305,Morganne,Yakunchikov,72,Female,250.152.191.1
306,Cris,Adriaens,30,Male,106.54.138.250
307,Humfrey,Quinsee,29,Male,115.18.128.39
308,Tamarah,Mc Elory,42,Female,96.16.234.124
309,Pasquale,Cosgriff,50,Male,74.59.147.214
310,Valencia,Bratt,57,Female,72.177.91.68
311,Andeee,Everill,62,Female,254.39.233.36
312,Josh,Gonnely,30,Male,229.18.45.188
313,Maria,Birdall,38,Female,239.156.249.137
314,Rosmunda,St. Paul,66,Female,198.112.145.129
315,Rutledge,Crossfield,30,Male,30.178.62.26
316,Sigvard,Plait,75,Male,125.243.224.149
317,Peirce,Clarkin,32,Male,65.219.159.223
318,Quinn,Kettoe,65,Male,172.27.13.24
319,Tremain,Presshaugh,65,Male,84.94.197.212
320,Tandie,Duplan,53,Female,111.171.174.213
321,Ginevra,Murrison,32,Female,181.140.219.158
322,Karia,Athelstan,80,Female,111.165.236.200
323,Constantina,Levick,69,Female,198.13.229.98
324,Perkin,Colter,20,Male,12.101.128.105
325,Tomaso,Zuan,40,Male,192.77.225.103
326,Garnette,Morrice,63,Female,240.187.135.21
327,Birgitta,Sartain,27,Female,165.252.127.14
328,Tressa,Lehrmann,67,Female,175.104.19.241
329,Goddart,Haile,64,Male,162.72.11.107
330,Beulah,Coneybeare,65,Female,202.186.234.161
331,Adoree,Losemann,27,Female,122.8.119.205
332,Andriana,Baldazzi,37,Female,147.16.47.94
333,Elnar,Hurdman,39,Male,183.53.145.197
334,Nixie,Duddan,40,Female,43.217.85.217
335,Yasmin,Phipard-Shears,38,Female,149.6.53.211
336,Karine,Giraudoux,27,Female,181.239.100.87
337,Brice,Dhenin,19,Male,95.35.152.107
338,Pearla,Phalp,52,Female,43.145.139.238
339,Harlan,Holley,33,Male,94.44.226.134
340,Chic,Carlyle,63,Male,144.138.223.30
341,Anissa,Sara,46,Female,227.147.209.22
342,Osbourn,Liebermann,19,Male,121.207.76.109
343,Ginevra,Wingrove,57,Female,30.179.68.70
344,Olimpia,Zottoli,67,Female,195.110.236.200
345,Olwen,Kinder,48,Female,146.220.78.96
346,Bettine,Renault,39,Female,241.189.22.181
347,Gracia,Northen,54,Female,168.198.8.29
348,Jordan,Beddoes,31,Male,121.255.44.180
349,Bowie,Petre,79,Male,139.97.6.209
350,Daile,Coolbear,33,Female,114.140.181.29
351,Florenza,Sandiford,26,Female,129.168.234.206
352,Powell,Mordecai,25,Male,95.51.132.100
353,Ricki,McGinnis,65,Male,161.199.183.175
354,Dynah,Vesco,65,Female,77.33.181.180
355,Norrie,Duddle,50,Female,118.113.7.39
356,Joyce,MacLure,53,Female,57.0.42.47
357,Shaughn,Blowin,76,Male,196.114.104.140
358,Lindsey,Seggie,63,Male,228.108.128.39
359,Michaella,Gauler,42,Female,178.96.83.72
360,Cobb,Readie,42,Male,221.198.47.184
361,Mason,Depport,78,Male,108.193.43.166
362,Brinn,Brasner,50,Female,122.58.158.227
363,Dieter,Reinisch,30,Male,238.91.47.59
364,Lindsay,Bizley,43,Female,20.143.6.168
365,Anson,Sarsons,49,Male,201.235.52.56
366,Vaughn,Polack,54,Male,114.156.9.20
367,Faun,Celes,25,Female,121.53.212.0
368,Bevin,Regitz,24,Male,191.90.77.160
369,Monty,Hamber,53,Male,245.50.51.18
370,Ermanno,Kellitt,57,Male,153.185.234.225
371,Benjamin,Alger,74,Male,35.138.196.238
372,Garek,Debling,78,Male,239.250.37.40
373,Laverne,Whitcher,37,Female,98.55.188.230
374,Adrien,Honacker,66,Male,69.41.132.109
375,Amelie,Smitherham,51,Female,82.16.81.242
376,Hillier,Laker,44,Male,101.23.41.225
377,Gaspar,Smitherman,77,Male,251.52.105.50
378,Estevan,Haitlie,70,Male,33.54.72.200
379,Haskel,Frift,36,Male,233.51.76.144
380,Michel,Brandts,59,Male,87.248.246.51
381,Matt,Gilroy,22,Male,105.164.219.153
382,Clayson,Kondratenko,66,Male,142.110.135.69
383,Helsa,Bawme,64,Female,135.122.248.226
384,Lanie,Vanyarkin,50,Male,29.159.159.3
385,Thadeus,O'Fallon,56,Male,83.133.181.106
386,Johnath,Studman,25,Female,233.32.203.129
387,Shepard,Meates,27,Male,182.33.198.171
388,Zebulon,Canelas,73,Male,243.79.159.152
389,Piper,Birkwood,79,Female,109.196.41.199
390,Bertram,Wreak,51,Male,114.134.23.167
391,Putnam,Ivanyushin,21,Male,35.76.133.21
392,Fax,Karlik,63,Male,131.41.24.140
393,Denyse,Dorward,28,Female,188.170.39.246
394,Florance,Livermore,43,Female,99.2.176.177
395,Dorothy,Ferriman,29,Female,238.24.30.177
396,Aubrey,Baud,62,Female,69.68.244.162
397,Joni,Stern,79,Female,106.31.100.5
398,Georas,Skitral,38,Male,35.52.207.83
399,Rourke,Zorzoni,68,Male,149.114.155.35
400,Ryley,Flay,76,Male,209.126.224.60
401,Ban,Kellen,21,Male,160.218.68.12
402,Shirl,Sommerly,34,Female,9.97.79.209
403,Beryl,Ccomini,79,Female,153.92.47.233
404,Jobey,Redford,62,Female,60.84.4.68
405,Adolphus,Brandsma,43,Male,61.61.81.19
406,Minny,Strand,52,Female,231.67.162.11
407,Tierney,Najera,35,Female,230.243.71.144
408,Gerick,Rickardsson,35,Male,254.6.15.11
409,Hebert,Domenicone,20,Male,167.26.62.90
410,Baillie,Andrysiak,71,Male,74.20.94.153
411,Hyacintha,Lister,35,Female,180.246.61.92
412,Doti,Minghi,19,Female,155.11.52.85
413,Regen,Coxwell,61,Male,77.200.181.2
414,Farly,Tournie,18,Male,145.211.85.78
415,Clayborne,McPhillimey,75,Male,229.52.237.166
416,Selena,Feldharker,31,Female,241.147.187.104
417,Cosetta,Chipchase,47,Female,66.223.178.236
418,Jacinthe,Duddan,34,Female,126.79.144.131
419,Cos,Vitler,62,Male,229.153.48.219
420,Joseito,Edds,51,Male,22.166.68.71
421,Hyacinthe,Bugbee,52,Female,238.181.77.199
422,Alvin,Locard,39,Male,63.116.87.190
423,Daffy,De Domenico,76,Female,145.91.208.101
424,Viviana,Gulvin,50,Female,17.140.254.56
425,Gawain,Goodbairn,42,Male,214.38.131.111
426,Cordy,Innett,27,Female,100.0.202.106
427,Florry,Perceval,28,Female,94.178.211.108
428,Phyllida,Scarsbrook,27,Female,215.66.25.221
429,Berty,Clemenzo,20,Female,193.244.13.50
430,Riva,Mawman,20,Female,169.78.183.218
431,Luce,Cranney,42,Female,185.149.37.241
432,Aloisia,Cowdroy,34,Female,126.128.79.150
433,Roarke,Crowden,77,Male,230.121.87.124
434,Veronike,Powney,67,Female,191.54.41.128
435,Priscilla,Manger,28,Female,250.121.197.145
436,Nicolina,Corwood,70,Female,90.115.99.32
437,Grantham,Caesar,45,Male,1.181.176.17
438,Therine,Saylor,38,Female,207.164.137.2
439,Ilyse,Dwyr,66,Female,159.169.96.56
440,Dex,Calender,35,Male,166.223.212.98
441,Camellia,Yanshin,70,Female,195.67.132.99
442,Phillipe,Blaasch,77,Male,135.253.222.55
443,Davy,Fey,25,Male,255.96.139.136
444,Georg,Fackney,32,Male,89.76.229.171
445,Logan,Leinthall,25,Male,56.158.235.47
446,Briana,Waggett,68,Female,118.20.2.82
447,William,Ogger,57,Male,49.177.66.90
448,Theodore,McGuiness,44,Male,135.143.237.49
449,Cherida,Dreakin,53,Female,9.197.17.1
450,Amberly,Malster,21,Female,156.43.3.1
451,Andrea,Eldon,27,Female,68.66.192.61
452,Jordanna,Carnson,58,Female,145.207.73.164
453,Estevan,Balloch,47,Male,70.188.29.151
454,Daryle,Tie,72,Male,11.227.92.121
455,Octavia,Glabach,63,Female,52.203.4.48
456,Odey,Canner,66,Male,72.178.33.67
457,Lindsey,Conville,39,Female,91.12.85.207
458,Helli,Clemence,36,Female,114.20.251.107
459,Salvador,Coviello,27,Male,186.146.11.9
460,Bernie,Pirdue,34,Male,80.126.177.221
461,Darrick,Moulster,45,Male,63.167.172.75
462,Colly,Sagrott,53,Female,122.213.67.107
463,Corny,Burkin,50,Female,24.26.61.139
464,Daron,Finnick,52,Male,214.175.84.241
465,Josee,Viner,71,Female,161.139.205.93
466,Aggie,Poplee,66,Female,211.246.176.187
467,Sigfried,Flitcroft,39,Male,164.243.9.61
468,Juline,Braine,23,Female,195.233.162.255
469,Jen,Treby,33,Female,238.4.207.127
470,Ranee,Benoey,62,Female,183.24.84.35
471,Jephthah,Goligly,19,Male,22.124.141.142
472,Wesley,Doutch,39,Male,92.10.77.166
473,Karolina,Stimpson,70,Female,47.246.44.159
474,Merv,Brammar,28,Male,171.228.212.227
475,Marga,Rabbage,45,Female,46.82.229.252
476,Kerwin,Cowl,49,Male,126.4.137.169
477,Adina,Knee,66,Female,36.204.178.156
478,Neddie,Gillman,75,Male,192.19.98.21
479,Tiffi,Harg,62,Female,126.44.199.33
480,Uta,Jacqueme,72,Female,67.141.0.227
481,Ellsworth,Hammarberg,57,Male,163.170.179.174
482,Barnabe,Banbridge,60,Male,28.59.61.33
483,Alvinia,Dike,31,Female,212.47.50.68
484,Hamlin,Bakewell,18,Male,192.220.185.74
485,Inesita,Wickie,47,Female,238.20.184.56
486,Berkly,Vassie,77,Male,51.10.106.234
487,Marten,Grinham,56,Male,189.181.110.80
488,Leighton,Chatenet,40,Male,168.124.188.221
489,Quinton,Eckert,33,Male,145.188.216.77
490,Nana,Rawsthorne,20,Female,212.4.223.87
491,Wendie,Grealish,47,Female,61.173.103.99
492,Avrit,Gateland,59,Female,224.18.27.217
493,Corry,Letchmore,40,Female,252.169.254.14
494,Melany,Eaken,63,Female,183.23.239.232
495,Kelsey,Sherrott,36,Female,46.80.114.210
496,Asher,Ruppel,54,Male,84.45.46.32
497,Batholomew,Carlaw,48,Male,136.70.242.86
498,Reg,Wikey,33,Male,54.91.75.201
499,Yancy,Clapson,73,Male,175.2.111.121
500,Hervey,Litchfield,19,Male,222.132.34.122
501,Aloin,Lomen,61,Male,198.25.208.214
502,Silvana,Cattini,40,Female,242.241.250.1
503,Tirrell,Bittlestone,58,Male,192.26.163.85
504,Augustina,Keast,26,Female,253.133.232.106
505,Herc,Pedersen,57,Male,28.110.125.229
506,Roana,Carnalan,39,Female,6.53.166.29
507,Chrisy,Roma,57,Male,211.127.18.116
508,Leeland,Daskiewicz,75,Male,233.16.77.64
509,Jarret,Code,30,Male,113.144.94.3
510,Moe,Grooby,64,Male,165.103.93.250
511,Ozzie,Doughartie,41,Male,34.113.180.19
512,Tersina,Dybald,58,Female,77.145.14.216
513,Cesar,Kilalea,58,Male,253.155.235.64
514,Raf,Bridle,68,Female,217.110.55.145
515,Frasco,Sollis,32,Male,218.243.133.180
516,Guilbert,Philpot,47,Male,132.36.35.0
517,Reilly,Shillom,68,Male,191.89.192.188
518,Mickey,Kristiansen,38,Male,195.140.155.207
519,Nalani,Smaleman,62,Female,59.76.87.230
520,Fancy,Mose,48,Female,33.47.115.135
521,Wright,Nequest,32,Male,240.250.155.18
522,Ailee,Beardow,70,Female,208.188.152.211
523,Bald,Drabble,20,Male,15.80.115.250
524,Janis,Pengilly,52,Female,187.179.41.176
525,Sayer,Drawmer,47,Male,219.188.158.213
526,Gerard,Brisard,30,Male,117.219.145.187
527,Buddy,Groocock,37,Male,251.34.47.38
528,Aleece,Cobson,50,Female,157.89.80.190
529,Graeme,Lowdwell,55,Male,69.140.149.129
530,Randy,Ravenscroftt,23,Male,225.45.132.125
531,Leslie,Krysztofiak,32,Male,221.138.77.171
532,Trstram,Aloshikin,48,Male,103.191.69.209
533,Cazzie,Measey,31,Male,58.94.140.215
534,Carmelle,Whittle,37,Female,27.79.17.5
535,Frederica,Hainey`,52,Female,215.35.124.171
536,Yolanda,Balshen,57,Female,172.217.157.213
537,Rebbecca,Slides,53,Female,1.128.192.55
538,Edeline,Halliday,51,Female,2.53.64.189
539,Abagael,Frith,25,Female,128.62.158.204
540,Clea,Cleghorn,28,Female,67.0.241.227
541,Lavina,Cappineer,43,Female,17.246.178.253
542,Tracy,Kegg,25,Female,117.20.187.115
543,Wood,Oldmeadow,32,Male,199.63.64.120
544,Thorn,McCourtie,57,Male,136.200.141.152
545,Danette,Moff,69,Female,78.50.36.224
546,Donalt,Gower,52,Male,120.158.54.237
547,Margarethe,Birckmann,57,Female,53.60.139.58
548,Hymie,Nelane,51,Male,184.146.51.185
549,Kinnie,Murrhaupt,77,Male,190.39.68.246
550,Adi,Soares,47,Female,200.54.151.89
551,Redd,Raittie,53,Male,144.243.80.120
552,Ives,Caudrey,33,Male,13.132.183.111
553,Phylys,Charlick,20,Female,22.112.122.47
554,Ana,Lobbe,78,Female,186.102.248.176
555,Nicky,MacCahee,67,Male,67.166.101.17
556,Kaja,Avey,57,Female,3.231.233.20
557,Gwendolin,Van der Baaren,44,Female,153.251.223.14
558,Lauraine,Bougen,63,Female,36.53.186.32
559,Fax,Prime,25,Male,217.226.46.217
560,Lorain,Robeiro,60,Female,1.86.28.41
561,Aleta,St Pierre,45,Female,231.56.217.185
562,Conrad,Geroldo,36,Male,113.154.186.3
563,Gerhard,McFarlane,34,Male,12.215.83.180
564,Markus,Cleyburn,57,Male,246.93.139.106
565,Verge,Normansell,79,Male,121.162.182.228
566,Kelcy,Monier,45,Female,160.45.149.120
567,Thorpe,Camidge,79,Male,83.0.47.142
568,Isabelita,Ruusa,61,Female,54.4.92.45
569,Ryon,Rudall,35,Male,99.100.199.173
570,Obadiah,Haddington,43,Male,163.101.237.15
571,Lazar,Wagnerin,44,Male,224.210.233.11
572,Winna,Rittmeier,39,Female,51.140.92.18
573,Daphene,Bisley,18,Female,70.225.60.243
574,Carmon,Corsan,69,Female,146.194.255.228
575,Corette,McTerry,27,Female,75.59.128.47
576,Eolanda,Baseggio,58,Female,40.114.215.175
577,Kimberlee,Griniov,67,Female,219.133.215.236
578,Noby,Walwood,71,Male,107.95.87.74
579,Brittni,Breckin,56,Female,226.178.48.86
580,Barty,Bettles,42,Male,43.19.131.51
581,Hyman,Nares,36,Male,234.9.23.87
582,Selene,Pancast,31,Female,108.54.107.242
583,Tad,Burgan,32,Male,19.36.48.66
584,Laurene,Goldthorpe,55,Female,160.18.72.183
585,Martainn,Kilborn,58,Male,244.24.184.26
586,Teena,Ochterlonie,73,Female,139.14.2.253
587,Cleo,Baulk,77,Female,79.247.202.1
588,Kylila,Kubala,65,Female,251.209.218.152
589,Aeriela,Arboine,33,Female,8.234.158.126
590,Goran,Mudd,35,Male,138.62.100.46
591,Barde,Lippo,56,Male,120.195.47.193
592,Clio,Scoggin,28,Female,185.182.114.136
593,Katlin,Fosberry,18,Female,145.138.42.218
594,Northrup,Shalders,80,Male,184.236.173.184
595,Rolland,Sive,53,Male,214.194.217.241
596,Linnea,Cornall,27,Female,89.163.167.164
597,Piggy,Happer,42,Male,9.255.145.244
598,Adoree,Seadon,37,Female,220.175.168.7
599,Wilden,Candelin,64,Male,21.116.225.200
600,Virgilio,Le - Count,28,Male,3.23.236.215
601,Rik,Colleer,75,Male,94.63.112.229
602,Cathrine,Bonsul,36,Female,91.137.173.114
603,Lexine,Kingett,76,Female,3.35.193.253
604,Kari,Marusyak,18,Female,249.204.92.151
605,Stevy,Langfield,49,Male,95.60.81.74
606,Nataline,Davidowsky,20,Female,205.1.137.183
607,Natale,Dishman,53,Male,28.194.101.157
608,Cord,Gillio,80,Male,96.247.202.231
609,Heda,Rawne,21,Female,88.57.109.169
610,Dall,Domenge,66,Male,214.214.177.16
611,Britte,Leatherland,79,Female,60.73.177.95
612,Brandon,Korneichik,31,Male,43.191.118.232
613,Arielle,Lain,77,Female,99.55.102.36
614,Patrice,Oxenham,75,Male,148.3.231.151
615,Kikelia,Coch,64,Female,48.107.10.70
616,Wainwright,Moralee,30,Male,17.17.63.64
617,Nonna,Rockhall,69,Female,234.236.112.56
618,Simone,Kingsman,71,Female,23.102.106.251
619,Dani,Beswick,60,Female,111.137.189.212
620,Alidia,Rodie,70,Female,99.214.211.206
621,Sheilakathryn,Normabell,27,Female,73.200.146.117
622,Flore,Baccup,72,Female,186.234.114.248
623,Jenine,Quilter,61,Female,244.53.117.84
624,Cori,Georgel,68,Male,228.42.109.35
625,Brett,MacAskill,64,Male,4.229.144.196
626,Kele,Whittier,45,Male,127.92.213.95
627,Thom,Stairmand,20,Male,67.31.124.50
628,Garek,Mussotti,19,Male,191.184.72.68
629,Lurline,Livingstone,75,Female,70.44.124.198
630,Zachery,Greaves,66,Male,101.7.51.234
631,Sadie,Garbett,80,Female,248.221.60.188
632,Ania,Sealove,26,Female,39.85.177.206
633,Cooper,Smithen,33,Male,51.159.153.66
634,Nerty,Fitton,77,Female,179.81.47.77
635,Kendall,Coxhead,62,Male,229.105.119.169
636,Hermina,Drillingcourt,51,Female,221.110.137.9
637,Eustace,Abade,24,Male,96.113.107.28
638,Deva,York,51,Female,16.243.98.93
639,Jobyna,Bastick,29,Female,48.227.113.128
640,Kiley,Scandroot,38,Female,152.89.71.174
641,Ty,Hoffmann,51,Male,234.92.239.242
642,Vivianna,Lucchi,54,Female,248.218.210.98
643,Corinna,Kirkebye,74,Female,160.2.11.22
644,Stella,Aukland,69,Female,144.151.56.170
645,Roze,Salmen,75,Female,132.244.255.0
646,Constancy,Bulpitt,20,Female,191.65.36.63
647,Karita,Lupton,55,Female,183.58.188.135
648,Ham,Cuvley,24,Male,249.255.17.59
649,Constancia,Seegar,32,Female,134.249.61.229
650,Ethelyn,Leadbeatter,73,Female,91.194.242.70
651,Jerry,Falkus,68,Male,153.150.16.104
652,Phelia,Camilletti,74,Female,149.28.71.230
653,Aubrette,Linsay,72,Female,155.45.141.55
654,Jock,Hillam,64,Male,137.124.206.112
655,Alethea,Folker,32,Female,16.147.231.230
656,Jayme,Peschmann,44,Female,32.2.141.232
657,Yancy,Blazeby,48,Male,249.178.153.49
658,Erastus,Agronski,39,Male,177.92.96.100
659,Davine,Martinec,37,Female,224.227.118.251
660,Townie,Mundee,42,Male,88.59.213.134
661,Augusta,Bugbird,60,Female,249.245.229.233
662,Adelaida,Taillard,45,Female,208.57.106.232
663,Hatty,Sarfati,58,Female,237.192.205.165
664,Vidovik,Tabourier,73,Male,85.206.88.138
665,Delila,Wallworth,66,Female,242.125.186.190
666,Harvey,Catford,25,Male,117.134.9.94
667,Ware,McAvaddy,22,Male,153.0.88.51
668,Percy,Bretherton,58,Male,85.34.99.217
669,Henrie,Matkovic,78,Female,12.213.223.150
670,Nicoli,Onn,28,Female,195.169.152.166
671,Staci,Pinnell,28,Female,243.128.39.5
672,Nissie,Jellett,23,Female,122.175.250.157
673,Kennedy,Rastall,18,Male,147.138.89.35
674,Rich,Gerkens,27,Male,145.37.206.39
675,Thom,Borg,21,Male,244.113.182.242
676,Consuela,Juschke,45,Female,230.25.229.208
677,Pren,Dawidowitz,76,Male,42.156.39.30
678,Alie,Cox,49,Female,220.37.0.248
679,Vanda,Stubbings,52,Female,185.152.78.44
680,Binnie,Behneke,40,Female,61.215.145.159
681,Nonna,Kayzer,35,Female,95.171.23.174
682,Gale,Willingham,19,Male,67.162.68.232
683,Audi,Haggeth,23,Female,228.231.190.221
684,Jennifer,Canada,29,Female,113.239.22.125
685,Barby,Whiten,80,Female,202.16.63.69
686,Tonya,Dibsdale,80,Female,121.216.89.147
687,Glenna,Bale,74,Female,20.133.52.202
688,Portie,Cunniam,52,Male,162.171.139.131
689,Trip,Allsobrook,71,Male,190.202.18.237
690,Brianna,Lisamore,54,Female,65.79.26.222
691,Ofilia,Van Der Hoog,74,Female,125.209.6.11
692,Bealle,Antczak,24,Male,216.1.96.195
693,Philbert,Borgars,31,Male,132.32.234.166
694,Bradney,Itzchaky,39,Male,16.107.217.232
695,Bar,Sibbet,43,Male,36.68.178.134
696,Richie,Veeler,40,Male,32.108.240.100
697,Aeriela,Islip,23,Female,53.251.106.93
698,Nisse,Lehrian,37,Female,178.223.28.30
699,Correy,Gobbett,27,Male,152.228.165.63
700,Sherman,Damant,37,Male,202.27.160.120
701,Joletta,McGuiney,20,Female,54.227.241.107
702,Granthem,Strettell,27,Male,111.86.59.67
703,Louella,Klicher,38,Female,173.168.13.139
704,Caroline,Addy,18,Female,85.203.138.129
705,Ermentrude,Oldam,42,Female,251.18.55.129
706,Ortensia,Milliere,76,Female,198.170.38.165
707,Baillie,Enoksson,26,Male,205.3.167.213
708,Cody,Bidgod,43,Female,121.238.165.15
709,Bogart,Giovannacc@i,33,Male,238.20.102.118
710,Lillian,Dumingo,61,Female,49.8.12.242
711,Justin,Twiddle,22,Male,104.2.162.64
712,Giacobo,Folker,62,Male,207.187.235.27
713,Eric,Splaven,56,Male,193.191.167.32
714,Jamesy,Medd,31,Male,193.126.23.131
715,Idell,Gohn,25,Female,54.184.23.64
716,Wernher,Claridge,75,Male,130.242.132.98
717,Teena,Ronchka,39,Female,239.55.18.108
718,Kali,Plaide,53,Female,16.36.121.149
719,Hilary,Zanolli,77,Male,2.147.185.62
720,Ralph,McEllen,60,Male,117.99.165.209
721,Siffre,Vakhonin,37,Male,43.17.46.22
722,Palm,Troth,72,Male,238.253.172.73
723,Rainer,Hought,69,Male,44.194.68.163
724,Cecil,Clement,32,Female,39.177.248.174
725,Juditha,Drayton,52,Female,124.214.111.135
726,Morganica,Cavil,44,Female,124.65.178.202
727,Gena,Jago,46,Female,185.135.196.164
728,Raine,Bernardeau,62,Female,8.49.125.49
729,Dorella,Fones,54,Female,11.223.154.241
730,Gregoor,Mateescu,42,Male,227.39.156.202
731,Nolie,Decent,38,Female,161.235.82.8
732,Klaus,Wadforth,75,Male,117.59.22.227
733,Beverly,Griniov,57,Female,191.194.46.99
734,Leonanie,Christofides,52,Female,102.213.249.176
735,Lilyan,Bartell,19,Female,5.117.214.93
736,Ode,Gorgen,27,Male,35.11.6.235
737,Pierette,Gowlett,80,Female,189.154.200.202
738,Costa,Coghlan,67,Male,190.208.17.154
739,Jillie,Dunnan,22,Female,217.54.211.211
740,Pia,Izak,40,Female,120.33.162.48
741,Jenica,Bierman,78,Female,173.245.76.247
742,Cecilia,Juszczyk,36,Female,26.179.235.135
743,Horatio,McGuane,48,Male,181.116.158.103
744,Kerk,Bangiard,74,Male,33.213.41.47
745,Godwin,Hellen,74,Male,69.241.161.110
746,Remy,Cavaney,29,Female,120.101.19.140
747,Fawne,Balaizot,63,Female,188.106.70.113
748,Leila,Brotherhed,66,Female,3.143.158.141
749,Niel,Pennick,25,Male,83.50.249.39
750,Tedie,Domelow,74,Male,124.85.93.143
751,Phillip,Alster,53,Male,130.86.185.248
752,Joela,Hedge,67,Female,11.213.1.174
753,Lucky,Floyed,58,Female,159.151.223.74
754,Brendin,Bartels-Ellis,77,Male,225.248.159.187
755,Marie-ann,Winkless,80,Female,131.116.251.106
756,Derby,Anton,58,Male,131.142.245.1
757,Hewie,Tanzig,37,Male,7.163.227.46
758,Elliott,Hubbold,59,Male,219.183.187.7
759,Odey,Gaffey,41,Male,194.207.0.91
760,Alecia,Ryland,56,Female,40.175.23.233
761,Darrick,O'Reilly,41,Male,105.232.165.251
762,Felizio,Trownson,37,Male,37.11.184.233
763,Catlin,Rubinowicz,73,Female,58.237.89.94
764,Valdemar,Olyfant,39,Male,235.65.218.165
765,Brok,Haxell,54,Male,230.146.230.51
766,Concordia,De Mars,25,Female,95.91.96.209
767,Bertie,Danigel,53,Female,237.138.58.114
768,Talbert,Frany,21,Male,40.55.18.169
769,Cleavland,Wimbridge,37,Male,53.195.117.226
770,Dulci,Bartoleyn,47,Female,45.66.195.0
771,Charla,Trebbett,20,Female,153.54.230.88
772,Igor,O Mullen,48,Male,238.68.155.97
773,Karlens,Tortoise,37,Male,56.167.197.100
774,Ancell,Kernocke,29,Male,103.35.162.225
775,Cookie,Rentilll,77,Female,232.179.14.164
776,Neely,Copley,75,Female,159.87.162.94
777,Jewel,Abel,23,Female,68.210.0.211
778,Barnett,Guinan,50,Male,148.99.138.3
779,Lanni,Cleve,28,Female,189.23.96.3
780,Ignaz,Sturges,20,Male,39.3.240.124
781,Christian,Mountstephen,38,Male,195.199.94.112
782,Nollie,Chippin,40,Female,114.137.219.140
783,Wood,Farnan,42,Male,37.123.45.28
784,Maury,Pudan,23,Male,237.253.211.220
785,Fin,Blunderfield,42,Male,252.142.66.50
786,Lowrance,Strank,68,Male,24.106.227.142
787,Bridgette,Regardsoe,74,Female,172.127.203.18
788,Yolanda,Braddon,69,Female,54.23.0.145
789,Veronika,Ronaldson,58,Female,0.28.122.16
790,Skyler,Fortoun,77,Male,80.137.245.70
791,Glenda,Costley,66,Female,55.255.0.78
792,Joaquin,Jobes,41,Male,180.151.3.142
793,Gipsy,Blewett,55,Female,166.6.42.173
794,Clementine,Pinckney,38,Female,124.110.3.222
795,Giralda,Tripet,47,Female,12.146.48.232
796,Carlen,Twigley,64,Female,165.195.157.158
797,Morlee,Lawrence,26,Male,80.237.90.148
798,Miguelita,Fitzharris,45,Female,251.83.125.11
799,Mayer,Johananoff,58,Male,230.208.243.66
800,Frederic,Allchorne,58,Male,50.170.154.12
801,Vicki,Loyndon,43,Female,128.203.9.142
802,Sidney,Menendez,33,Male,233.134.169.183
803,Ferdinand,Farleigh,39,Male,148.45.103.99
804,La verne,Piggford,22,Female,146.181.79.53
805,Nadine,Ridley,28,Female,160.207.47.124
806,Vania,Lilloe,31,Female,77.233.135.232
807,Leonard,Pittendreigh,27,Male,71.185.196.220
808,Byrann,Boich,44,Male,15.236.178.198
809,Anthe,Cumes,20,Female,158.35.155.178
810,Kelly,Lowdes,32,Male,53.117.173.175
811,Andreana,Gainsford,68,Female,235.5.65.210
812,Rozanne,Laister,25,Female,30.50.22.193
813,Norrie,Waples,37,Male,93.167.246.40
814,Wanda,Kerfoot,61,Female,214.239.251.85
815,Ernestus,Gorst,75,Male,2.33.190.188
816,Daniel,Postans,68,Male,18.214.153.37
817,Charles,Keepe,21,Male,196.213.197.71
818,Lemuel,Side,79,Male,123.153.236.39
819,Paxon,Ridger,66,Male,238.212.64.142
820,Kristoffer,Starbeck,48,Male,23.218.41.231
821,Ellerey,MacTague,65,Male,153.29.8.197
822,Leigh,Groom,79,Male,8.62.104.205
823,Julian,Smallthwaite,76,Male,242.206.230.45
824,Kelby,Saylor,33,Male,15.240.233.219
825,Brianne,Kender,42,Female,252.6.33.98
826,Jillie,Gisborne,46,Female,10.175.17.248
827,Nicki,Braams,54,Female,99.150.250.205
828,Doloritas,Blaymires,71,Female,89.137.93.185
829,Josey,Lethbrig,68,Female,232.173.229.153
830,Kit,Fullerd,76,Female,86.249.98.136
831,Mariele,Menat,59,Female,126.159.184.157
832,Findley,Grigoriscu,25,Male,248.180.23.73
833,Merell,Ninotti,43,Male,181.48.1.46
834,Minda,Hatfield,44,Female,198.158.87.86
835,Konstanze,Cantera,65,Female,112.37.108.255
836,Lilas,McEnhill,65,Female,163.150.211.212
837,Cecily,Braam,74,Female,69.231.229.8
838,Lorin,Moorwood,21,Male,183.64.238.34
839,Gabe,Board,46,Male,174.98.89.121
840,Amelia,Chastand,70,Female,22.129.131.92
841,Brok,Matschke,30,Male,241.92.95.219
842,Charlie,Rayne,20,Male,33.91.31.40
843,Tades,Hrishchenko,22,Male,116.53.9.44
844,Zarla,Ivashchenko,71,Female,18.68.141.111
845,Ivonne,Siward,64,Female,154.3.29.242
846,Gwenny,Oulet,19,Female,204.76.34.177
847,Kenon,Ganley,42,Male,196.99.5.194
848,Lydie,Laughtisse,28,Female,176.236.212.63
849,Odella,Bellfield,73,Female,148.4.232.10
850,Pippa,Gillebride,29,Female,246.50.227.227
851,Byrle,Mothersdale,76,Male,241.84.90.113
852,Alex,Gemnett,64,Female,80.205.52.120
853,Cordie,Kettridge,32,Male,151.155.5.242
854,Oswell,Graddon,34,Male,12.93.244.49
855,Milena,Matushevich,25,Female,0.110.237.70
856,Stefanie,Kumaar,33,Female,252.174.39.110
857,Terri,Sonley,56,Male,199.170.112.229
858,Corrina,Wardlaw,43,Female,138.19.194.67
859,Ced,Bubbings,70,Male,1.213.39.147
860,Jobyna,Sandever,78,Female,183.168.38.181
861,Cornelia,Doers,79,Female,213.124.89.59
862,Bond,Dinse,39,Male,147.34.164.174
863,Allyson,Handasyde,45,Female,190.243.143.57
864,Waylon,Paule,61,Male,186.87.237.96
865,Scarface,Sneezum,76,Male,188.130.197.34
866,Traver,Romayne,47,Male,60.201.118.76
867,Kimberley,Masser,51,Female,114.128.17.128
868,Jilly,Jaggs,53,Female,244.34.149.159
869,Mariam,Jansa,31,Female,140.178.191.225
870,Constancy,Hounsham,38,Female,172.166.74.207
871,Otis,Brinklow,23,Male,225.168.114.99
872,Slade,Robins,78,Male,2.44.75.122
873,Nanine,Jeppe,32,Female,62.36.82.36
874,Cassie,Coutthart,26,Male,69.150.87.77
875,Innis,Collishaw,25,Male,54.98.68.103
876,Theodora,Leas,45,Female,154.6.144.48
877,Erin,Cheake,71,Male,195.197.128.91
878,Mildred,Daelman,22,Female,64.65.175.127
879,Horatia,Wombwell,29,Female,28.143.51.183
880,Errol,Enderle,25,Male,230.197.220.131
881,Lynette,Giberd,38,Female,111.53.105.177
882,Ceciley,Dolby,46,Female,176.104.33.170
883,Woodman,Langridge,36,Male,175.184.70.150
884,Maurise,Pemberton,75,Female,135.239.10.130
885,Freeland,MacCoughan,58,Male,78.120.125.97
886,Zenia,Poon,53,Female,57.29.30.169
887,Doloritas,Lehrer,57,Female,84.59.167.190
888,Lurlene,Besnardeau,78,Female,71.197.22.44
889,Agatha,Manuello,68,Female,76.47.33.218
890,Druci,Patient,38,Female,198.50.90.82
891,Cassie,Ellard,72,Female,137.90.237.243
892,Kori,Eddow,50,Female,90.81.169.148
893,Anya,Diack,29,Female,124.238.191.140
894,Gay,Dunbabin,80,Male,24.21.249.51
895,Allard,Lermit,28,Male,71.3.150.105
896,Elna,Patron,54,Female,85.151.24.56
897,Lise,MacBain,24,Female,117.75.231.103
898,Ringo,Rayson,45,Male,237.156.126.223
899,Peggie,Shea,42,Female,197.22.180.144
900,Delphinia,Quan,28,Female,241.79.229.18
901,Shannon,Hasty,35,Male,171.18.114.137
902,Parker,Cawsby,43,Male,237.48.148.151
903,Irma,Yitzovicz,75,Female,107.168.32.34
904,Tressa,Arnowicz,73,Female,162.62.204.188
905,Manon,Welden,26,Female,196.214.180.8
906,Sarajane,Willmott,52,Female,80.73.199.143
907,Udale,Emtage,40,Male,222.59.134.135
908,Carver,Birts,27,Male,190.172.192.90
909,Gael,Krale,63,Female,199.191.111.164
910,Tildie,Basketter,37,Female,223.192.142.224
911,Bordy,Spellar,59,Male,172.196.230.214
912,Rockey,Tompsett,25,Male,39.186.94.131
913,Koral,Shane,27,Female,30.50.11.205
914,Alla,Gajewski,34,Female,254.239.83.69
915,Edin,Boon,67,Female,76.1.173.29
916,Elizabet,Ganders,68,Female,8.81.234.101
917,Margi,Crookshanks,57,Female,168.142.191.188
918,Leicester,Lestrange,67,Male,171.142.172.84
919,Lothaire,Canizares,23,Male,238.192.0.74
920,Avie,Cookson,50,Female,97.49.165.18
921,Jerrold,McVity,25,Male,143.53.65.103
922,Loreen,Cliff,78,Female,179.148.154.5
923,Wyatan,Upstell,43,Male,179.168.109.2
924,Vern,Levane,42,Male,38.64.7.190
925,Mikol,Pittel,74,Male,88.159.218.235
926,Marylynne,MacCurlye,62,Female,31.216.229.130
927,Claus,Plott,62,Male,89.213.203.250
928,Lorne,Stendell,58,Female,119.91.191.55
929,Redford,Smethurst,38,Male,137.251.230.146
930,Beverlie,Dean,74,Female,126.7.37.143
931,Vittorio,Wyard,63,Male,52.43.33.28
932,Amity,Vasilchenko,57,Female,87.194.44.9
933,Umeko,Rosel,32,Female,109.35.71.202
934,Paola,Carrington,70,Female,114.231.126.237
935,Dill,Weald,37,Male,148.241.199.15
936,Cindy,Antognazzi,79,Female,247.131.74.236
937,Brannon,Ziems,80,Male,96.118.3.212
938,Babita,Boylund,18,Female,28.17.76.232
939,Beitris,Godmar,21,Female,53.210.218.253
940,Meghann,Cordingly,23,Female,23.174.104.165
941,Oona,Sexten,21,Female,171.83.162.42
942,Elka,Tuckie,53,Female,239.227.171.236
943,Herman,Killock,46,Male,202.179.15.80
944,Jonathan,Mutch,61,Male,125.197.216.34
945,Gunner,Rembrandt,41,Male,233.54.72.80
946,Cynthie,Stickney,57,Female,3.121.80.21
947,Giselle,Carletti,46,Female,179.31.5.191
948,Crin,Heatley,63,Female,44.253.112.182
949,Darnell,Janak,26,Male,18.28.81.158
950,Natka,Moohan,65,Female,106.78.42.48
951,Levy,Carnew,62,Male,23.26.98.141
952,Oates,Wilcot,77,Male,12.230.36.88
953,Heinrik,Joss,33,Male,182.3.28.28
954,Curcio,Staples,23,Male,161.186.36.74
955,Barton,Sayse,48,Male,95.119.250.134
956,Trina,Beri,75,Female,191.97.233.251
957,Cami,Corcoran,61,Female,255.124.148.103
958,Toby,Rabbitts,76,Female,154.152.192.196
959,Sayres,Sarge,67,Male,239.219.28.49
960,Phil,Gonin,67,Female,1.127.250.218
961,Sherm,Amoss,29,Male,17.82.212.32
962,Elvina,Glencros,20,Female,252.62.88.236
963,Blondy,Leeburn,36,Female,162.107.26.103
964,Bertie,Hellard,78,Male,72.250.125.31
965,Zolly,Bote,71,Male,49.226.125.253
966,Ramon,Maestrini,23,Male,225.200.174.60
967,Erick,Abba,69,Male,230.225.210.11
968,Maris,MacKeague,59,Female,201.70.130.90
969,Kelby,Benedite,56,Male,171.93.11.154
970,Nicko,Brazener,79,Male,100.15.140.222
971,Ame,Tingcomb,43,Female,8.208.127.85
972,Joe,Derle,65,Male,210.51.116.96
973,Jo ann,Hexum,62,Female,234.83.63.165
974,Fredra,Kippin,43,Female,224.57.192.145
975,Ninnette,Wellan,36,Female,159.34.153.68
976,Elsbeth,Hazle,57,Female,152.134.225.145
977,Maxi,Benini,44,Female,219.99.233.204
978,Mitchael,Rushmare,40,Male,52.174.100.124
979,Raviv,Khosa,19,Male,219.167.226.243
980,Felic,Cron,18,Male,117.38.94.73
981,Jannelle,Westnedge,73,Female,146.14.19.30
982,Caspar,Westmerland,78,Male,156.143.73.92
983,Koral,Cargo,61,Female,214.116.37.42
984,Annabela,Buckham,33,Female,213.154.166.214
985,Torey,Mewhirter,69,Male,138.27.76.170
986,Jocelin,Domeny,73,Female,45.47.192.158
987,Elinor,Benoix,80,Female,248.1.238.105
988,Nicolas,Woodroofe,62,Male,160.139.216.59
989,Felicle,Carrabott,18,Female,248.208.24.19
990,Avie,Pietruszka,62,Female,233.235.29.44
991,Killie,Birdfield,60,Male,127.40.248.199
992,Nicholas,Shepherdson,72,Male,55.219.7.63
993,Madelena,Danielsen,40,Female,59.122.226.143
994,Merridie,Findlater,63,Female,83.44.24.190
995,Jone,Mattiessen,40,Male,20.117.211.55
996,Maryl,Whalebelly,19,Female,225.101.13.54
997,Aime,Crumb,23,Female,213.252.234.128
998,Kamillah,Shard,72,Female,33.2.145.61
999,Olympia,Billitteri,36,Female,46.152.90.109
1000,Reese,Charman,37,Male,150.71.83.234
